id;username;password;name;lastname
1;Ordenador;Principado Datos;no-volátil Investigación;mano
2;Bacon;invoice visionary Ladrillo;Guinea-Bisau Hormigon indexing;override calculate
3;Teclado Market;Azul 1080p aplicación;reintermediate Pelota;Adelante invoice Oficial
4;Avenida;Madera;override fidelidad Account;el
5;payment Bebes;Pantalones overriding Guapo;Fácil Juguetería;SCSI Money bus
6;Configurable hacking;Creativo;Cambridgeshire;Organizado Bedfordshire
7;enterprise Relacciones;dynamic Personal channels;Acero asimétrica Andalucía;Aragón Asistente withdrawal
8;Cambridgeshire Fácil;Loan Acero Práctico;Amarillo;Money cross-platform Salida
9;Decoración;Hormigon;Valenciana Ingeniero;Parque Madera
10;Castilla orchestrate deliver;de;repurpose;Comunicaciones
