id;name;description;image
1;Dollar Noruega Innovador;../fake-data/blob/hipster.txt;infomediaries Especialista
2;Práctico;../fake-data/blob/hipster.txt;open-source
3;Salchichas niches synthesizing;../fake-data/blob/hipster.txt;artificial Sabroso Galicia
4;Honduras;../fake-data/blob/hipster.txt;compressing
5;Andalucía;../fake-data/blob/hipster.txt;Caserio reboot Explanada
6;Baleares;../fake-data/blob/hipster.txt;Bedfordshire override EXE
7;Acero Madera Mesa;../fake-data/blob/hipster.txt;global
8;deposit;../fake-data/blob/hipster.txt;bandwidth Calidad
9;Electrónica Informática Burundi;../fake-data/blob/hipster.txt;Rua invoice
10;relationships Belice;../fake-data/blob/hipster.txt;y
