id;name;description;link
1;Director array solución;../fake-data/blob/hipster.txt;Teclado
2;Plaza Navarra alarm;../fake-data/blob/hipster.txt;Vanuatu
3;Rojo Bedfordshire Cambridgeshire;../fake-data/blob/hipster.txt;distributed
4;reboot;../fake-data/blob/hipster.txt;incubate calculate
5;multitarea alarm withdrawal;../fake-data/blob/hipster.txt;Integración infrastructures
6;AGP;../fake-data/blob/hipster.txt;Muelle Guapo estatica
7;Noruega Kina;../fake-data/blob/hipster.txt;Home end-to-end calculate
8;Cantabria payment;../fake-data/blob/hipster.txt;engineer Bedfordshire
9;Fantástico payment;../fake-data/blob/hipster.txt;Berkshire
10;Investment Castilla-La Cliente;../fake-data/blob/hipster.txt;Sorprendente Blanco Borders
