id;username;password;name;lastname;image
1;Bedfordshire copy Auto;Rand frictionless;compressing Calle Bedfordshire;Rua;Account drive Refinado
2;Silla Bedfordshire;Fantástico Canarias;Valenciana adaptador y;potenciada distributed Deportes;port generate Guapa
3;up experiences Turquia;Andalucía invoice Ladrillo;array Entrada;Pound Cine program;mindshare driver Gerente
4;Madera Ronda;system Cantabria;deposit Bedfordshire Rústico;implementación services Barrio;canal world-class Account
5;éxito;Canarias no-volátil PNG;Supervisor cross-platform;Platinum RAM;Seguro Lebanese Distribuido
6;input models;enable generate;terciaria Mascotas;secundaria;Acero Buckinghamshire
7;compressing Acero Universal;24 microchip;Ladrillo Guapa 24/365;Central Salud;invoice
8;deposit Pre-emptivo;Bulgaria;Personal mano;invoice Parcela primary;Pound Negro
9;Morado capa out-of-the-box;servidor Dinánmico Valenciana;Guinea-Bisau;Regional;Hormigon deposit
10;Algodón;Senior;markets program Hogar;Burundi;deposit
